{
    "descrizione" : "i valori vanno da 0 a >200. 0-50=buona, 51-100=accetabile, 101-150=insoddisfacente, 151-200=cattiva, >200=Emergenza",
    "nome_sensore" : "Sensore_A_Aula_Turing",
    "tipo" : "aria",
    "dati" : [
        {
            "valore":65,
            "giorno":7,
            "mese":4,
            "anno":2000
            },
            {
            "valore":60,
            "giorno":8,
            "mese":4,
            "anno":2000
            },
            {
            "valore":65,
            "giorno":9,
            "mese":4,
            "anno":2000
            },
            {
            "valore":69,
            "giorno":10,
            "mese":4,
            "anno":2000
            },
            {
            "valore":70,
            "giorno":11,
            "mese":4,
            "anno":2000
            },
            {
            "valore":74,
            "giorno":12,
            "mese":4,
            "anno":2000
            },
            {
            "valore":70,
            "giorno":13,
            "mese":4,
            "anno":2000
            },
            {
            "valore":64,
            "giorno":14,
            "mese":4,
            "anno":2000
            },
            {
            "valore":51,
            "giorno":15,
            "mese":4,
            "anno":2000
            },
            {
            "valore":132,
            "giorno":16,
            "mese":4,
            "anno":2000
            },
            {
            "valore":80,
            "giorno":17,
            "mese":4,
            "anno":2000
            },
            {
            "valore":76,
            "giorno":18,
            "mese":4,
            "anno":2000
            },
            {
            "valore":60,
            "giorno":19,
            "mese":4,
            "anno":2000
            }


    ]
}