{
    "descrizione" : "i valori vanno da 0 a >200. 0-50=buona, 51-100=accetabile, 101-150=insoddisfacente, 151-200=cattiva, >200=Emergenza",
    "nome_sensore" : "Sensore_A_Aula_Hawking",
    "tipo" : "aria",
    "dati" : [
        {
            "valore":45,
            "giorno":7,
            "mese":4,
            "anno":2000
            },
            {
            "valore":60,
            "giorno":8,
            "mese":4,
            "anno":2000
            },
            {
            "valore":55,
            "giorno":9,
            "mese":4,
            "anno":2000
            },
            {
            "valore":63,
            "giorno":10,
            "mese":4,
            "anno":2000
            },
            {
            "valore":70,
            "giorno":11,
            "mese":4,
            "anno":2000
            },
            {
            "valore":71,
            "giorno":12,
            "mese":4,
            "anno":2000
            },
            {
            "valore":79,
            "giorno":13,
            "mese":4,
            "anno":2000
            },
            {
            "valore":61,
            "giorno":14,
            "mese":4,
            "anno":2000
            },
            {
            "valore":45,
            "giorno":15,
            "mese":4,
            "anno":2000
            },
            {
            "valore":36,
            "giorno":16,
            "mese":4,
            "anno":2000
            },
            {
            "valore":56,
            "giorno":17,
            "mese":4,
            "anno":2000
            },
            {
            "valore":62,
            "giorno":18,
            "mese":4,
            "anno":2000
            },
            {
            "valore":70,
            "giorno":19,
            "mese":4,
            "anno":2000
            }


    ]
}