{   "descrizione" : "nessuna", 
    "nome_sensore": "Sensore_T_Aula_Turing",
    "tipo": "temperatura",
    "dati": [
        {
            "valore": 15,
            "giorno": 7,
            "mese": 4,
            "anno": 2000
        },
        {
            "valore": 18,
            "giorno": 8,
            "mese": 4,
            "anno": 2000
        },
        {
            "valore": 20,
            "giorno": 9,
            "mese": 4,
            "anno": 2000
        },
        {
            "valore": 22,
            "giorno": 10,
            "mese": 4,
            "anno": 2000
        },
        {
            "valore": 21,
            "giorno": 11,
            "mese": 4,
            "anno": 2000
        },
        {
            "valore": 19,
            "giorno": 12,
            "mese": 4,
            "anno": 2000
        },
        {
            "valore": 16,
            "giorno": 13,
            "mese": 4,
            "anno": 2000
        },
        {
            "valore": 14,
            "giorno": 14,
            "mese": 4,
            "anno": 2000
        },
        {
            "valore": 17,
            "giorno": 15,
            "mese": 4,
            "anno": 2000
        },
        {
            "valore": 23,
            "giorno": 16,
            "mese": 4,
            "anno": 2000
        },
       
        {
            "valore": 24,
            "giorno": 17,
            "mese": 4,
            "anno": 2000
        },
        {
            "valore": 25,
            "giorno": 18,
            "mese": 4,
            "anno": 2000
        }
       
    ]
} 
