{
    "descrizione" : "i valori vanno da 0 a >200. 0-50=buona, 51-100=accetabile, 101-150=insoddisfacente, 151-200=cattiva, >200=Emergenza",
    "nome_sensore" : "Sensore_A_Aula_Fermi",
    "tipo" : "aria",
    "dati" : [
        {
            "valore":85,
            "giorno":7,
            "mese":4,
            "anno":2000
            },
            {
            "valore":69,
            "giorno":8,
            "mese":4,
            "anno":2000
            },
            {
            "valore":65,
            "giorno":9,
            "mese":4,
            "anno":2000
            },
            {
            "valore":69,
            "giorno":10,
            "mese":4,
            "anno":2000
            },
            {
            "valore":77,
            "giorno":11,
            "mese":4,
            "anno":2000
            },
            {
            "valore":81,
            "giorno":12,
            "mese":4,
            "anno":2000
            },
            {
            "valore":92,
            "giorno":13,
            "mese":4,
            "anno":2000
            },
            {
            "valore":100,
            "giorno":14,
            "mese":4,
            "anno":2000
            },
            {
            "valore":75,
            "giorno":15,
            "mese":4,
            "anno":2000
            },
            {
            "valore":92,
            "giorno":16,
            "mese":4,
            "anno":2000
            },
            {
            "valore":97,
            "giorno":17,
            "mese":4,
            "anno":2000
            },
            {
            "valore":87,
            "giorno":18,
            "mese":4,
            "anno":2000
            },
            {
            "valore":78,
            "giorno":19,
            "mese":4,
            "anno":2000
            }


    ]
}